rep_unit_code,rep_unit_desc,dealer_agent_code,dealer_agent_desc
3100,Miele Nordic RDC (3100),#,3100/Not assigned
3100,Miele Nordic RDC (3100),0003772598,Nobia Production Sweden AB
3100,Miele Nordic RDC (3100),0003773345,Nobia Denmark A/S
3100,Miele Nordic RDC (3100),0003780582,Whiteaway A/S
3100,Miele Nordic RDC (3100),0003784944,Elgiganten Distribution AB
3100,Miele Nordic RDC (3100),0003784947,Power International Logistics AB
3100,Miele Nordic RDC (3100),0003785617,Elon Group Central warehouse
3100,Miele Nordic RDC (3100),0005775729,Komplett Services AS
3100,Miele Nordic RDC (3100),0010841239,Power International Logistics AB XD
3100,Miele Nordic RDC (3100),0011662735,NetOnNet AB
4300,VG RO (VG4300),#,4300/#
4300,VG RO (VG4300),0004955513,"MIELE, spol. s r.o."
4300,VG RO (VG4300),0007945024,DACRIS IMPEX S.R.L.
4300,VG RO (VG4300),0007945026,MIELE TEHNICA S.R.L.
4300,VG RO (VG4300),0007945028,OVO DESIGN FURNITURE GROUP S.R.L.
4300,VG RO (VG4300),0007945030,BUCOVINA ELECTRO TOP S.R.L.
4300,VG RO (VG4300),0007945045,ALTEX ROMANIA SRL
4300,VG RO (VG4300),0007945046,NEOMINE S.R.L.
4300,VG RO (VG4300),0007945049,MARELVI IMPEX S.R.L.
4300,VG RO (VG4300),0007945062,PECEF TEHNICA S.R.L.
4300,VG RO (VG4300),0007945069,MODA PEDINA S.R.L.
4300,VG RO (VG4300),0007945074,KUIBA LIVING S.R.L.
4300,VG RO (VG4300),0007945076,SERVICE INCLUS S.R.L.
4300,VG RO (VG4300),0007945085,POIENITA SOCIETATE COOPERATIVA
4300,VG RO (VG4300),0007945094,PHYLOSOPHY DESIGN S.R.L.
4300,VG RO (VG4300),0007945106,BASIC POINT S.R.L.
4300,VG RO (VG4300),0007945112,ONEDIN S.R.L.
4300,VG RO (VG4300),0007945123,INDEPENDENT DESIGN SRL
4300,VG RO (VG4300),0007945215,MOVEXPERT S.R.L.
4300,VG RO (VG4300),0007945315,PREMIUM APPLIANCES S.R.L.
4300,VG RO (VG4300),0007945365,YUKA MOBILI SRL
4300,VG RO (VG4300),0007945385,SPH DESIGN SRL
4300,VG RO (VG4300),0007945391,TRANSILVANIA SERVICE GRUP S.R.L.
4300,VG RO (VG4300),0007945400,BIA SI COM S.R.L.
4300,VG RO (VG4300),0007945401,LEMON INTERIOR DESIGN SRL
4300,VG RO (VG4300),0007945408,SEVILLA MARKETING S.R.L.
4300,VG RO (VG4300),0007945409,DANTE INTERNATIONAL SA
4300,VG RO (VG4300),0007945412,DISTRIBUTION MAGI SRL
4300,VG RO (VG4300),0007945413,AUTO TUNNING SRL
4300,VG RO (VG4300),0007945417,CLASS LINE S.R.L.
4300,VG RO (VG4300),0007945441,INCASSO ELECTROCASNICE SRL
4300,VG RO (VG4300),0007945569,GALES SERVICE S.R.L.
4300,VG RO (VG4300),0007945606,BELLAGIS SRL
4300,VG RO (VG4300),0007945615,ARCESE TRANSPORT SRL
4300,VG RO (VG4300),0007945628,GRAMPET SA
4300,VG RO (VG4300),0007945671,BOB & ADY S.R.L.
4300,VG RO (VG4300),0007967154,CASA BAMBUS SRL
4300,VG RO (VG4300),0007967158,ELECTROCASNICE SRL
4300,VG RO (VG4300),0007967206,P&D POLIDOM PRODUCTIE
4300,VG RO (VG4300),0007979906,THEOREMA CONCEPT SRL
4300,VG RO (VG4300),0007995450,S.C. LA MAISON S.R.L.
4300,VG RO (VG4300),0008006877,WEB COFFEE SRL
4300,VG RO (VG4300),0008029317,MIELE BULGARIA EOOD
4300,VG RO (VG4300),0008067062,COMPLET IT SUPORT SRL
4300,VG RO (VG4300),0008121396,VILUX DESIGN SRL
4300,VG RO (VG4300),0008165523,FOKUSTRAD SRL
4300,VG RO (VG4300),0008190464,SC DECOIN HOMEWARE SRL
4300,VG RO (VG4300),0008677907,NOVEL STUDIO 42 SRL
4300,VG RO (VG4300),0008798793,M&D RETAIL IASI SRL
4300,VG RO (VG4300),0009123202,BL STUDIO ASSOCIATES SRL
4300,VG RO (VG4300),0010443295,ROMSTAL IMEX S.R.L.
4300,VG RO (VG4300),0010523616,Miele d.o.o
4300,VG RO (VG4300),0010526229,Classin Home Design SRL
4300,VG RO (VG4300),0010735307,Lo Spazio Mobili SRL
4300,VG RO (VG4300),0010889229,MOBEXPERT BANEASA SRL
4300,VG RO (VG4300),0010910278,HI-FI INTEGRAL SERVICE S.R.L.
4300,VG RO (VG4300),0011033652,ANTTONY HOME APPLIANCES S.R.L.
4300,VG RO (VG4300),0011125509,M & D RETAIL PIPERA SRL
4300,VG RO (VG4300),0011125511,M & D Retail Brasov
4300,VG RO (VG4300),0011175172,M&D RETAIL CRAIOVA SRL
4300,VG RO (VG4300),0011242708,Norbert Comunication-IT SRL
4300,VG RO (VG4300),0011608987,Total Service Electrocasnice S.R.L.
4300,VG RO (VG4300),0011665058,M&D Retail Bucovina SRL
4300,VG RO (VG4300),0011919278,GEFINA SRL
4300,VG RO (VG4300),0012273507,THE EDIT SRL
4300,VG RO (VG4300),0012463555,II MANEA VASILE GEORGE
4300,VG RO (VG4300),0012592342,AVA GROUP CONTRACT SRL
4300,VG RO (VG4300),0012613435,Miele Sp. z o.o
4300,VG RO (VG4300),0012860019,NOAM Design Group SRL
4300,VG RO (VG4300),0012960882,M & D RETAIL CONSTANTA SRL
4300,VG RO (VG4300),0013143942,MIELE HELLAS GmbH
4300,VG RO (VG4300),0013170142,Morgan & Weber SRL
4300,VG RO (VG4300),0013205895,KITCHEN PRO SRL
4300,VG RO (VG4300),0013224873,KRONSTADT KUECHEN SRL
4300,VG RO (VG4300),0013224999,DEUTSCHE KUECHEN S.R.L.
4300,VG RO (VG4300),0013225118,KUXA NAPOCA SRL
4300,VG RO (VG4300),0013246703,M & D Retail PITESTI SRL
4300,VG RO (VG4300),0013475655,INTERMEDIO GENERAL GRUP S.A.
4300,VG RO (VG4300),0013695759,NEOS INVEST S.R.L.
4300,VG RO (VG4300),0013712874,II Manaz Cornel
4300,VG RO (VG4300),0013713552,FORASTERO S.R.L.
4300,VG RO (VG4300),0013729368,ECHO ELECTRONIC SYSTEMS SRL
4300,VG RO (VG4300),0013788501,S.C. M&D Retail Timisoara S.R.L.
4300,VG RO (VG4300),0013796216,ROMVITRINE SRL
4300,VG RO (VG4300),0013819107,S.C. Elocin Interiors S.R.L.
4300,VG RO (VG4300),0013838901,S.C. INTERNA HOME STUDIO S.R.L
7200,VG NL (VG7200),#,7200/Not assigned
7200,VG NL (VG7200),0002257096,Odink Keukens B.V.
7200,VG NL (VG7200),0002257144,Radio Obbink B.V.
7200,VG NL (VG7200),0002257146,Radio Obbink B.V.
7200,VG NL (VG7200),0002257149,Keukenbedrijf Klaas Olthoff VOF
7200,VG NL (VG7200),0002257167,EP:Ommen
7200,VG NL (VG7200),0002257185,Electro World Offermans
7200,VG NL (VG7200),0002257186,Ad van den Oever Warenhuis
7200,VG NL (VG7200),0002257256,Nolte Küchen Center No. 1
7200,VG NL (VG7200),0002257293,Nuva Keukens B.V.
7200,VG NL (VG7200),0002257299,Keukenambiance B.V.
7200,VG NL (VG7200),0002257303,Nuis B.V.
7200,VG NL (VG7200),0002257349,Opreij J. B.V.
7200,VG NL (VG7200),0002257378,Radio- en T.V. Speciaalzaak
7200,VG NL (VG7200),0002257480,Electro World Oosterhof
7200,VG NL (VG7200),0002257515,EP:Mulder
7200,VG NL (VG7200),0002257531,Witgoed Specialist de Munnik B.V.
7200,VG NL (VG7200),0002257538,Mulder
7200,VG NL (VG7200),0002257565,Mudde J.W. Expert
7200,VG NL (VG7200),0002257578,Henk Nagelhout Keukens
7200,VG NL (VG7200),0002257652,EP:Van der Molen
7200,VG NL (VG7200),0002257732,Zijlstra Keukenstudio
7200,VG NL (VG7200),0002257733,Nijenbanning B.V.
7200,VG NL (VG7200),0002257755,Nieuw Leven BV
7200,VG NL (VG7200),0002257829,Radio Stiphout B.V.
7200,VG NL (VG7200),0002257832,Witgoed Specialist Neeleman V.O.F.
7200,VG NL (VG7200),0002257844,BMN Nelemans
7200,VG NL (VG7200),0002257847,Nell & Stutterheim
7200,VG NL (VG7200),0002257849,Keukencentrum Peter Nellen V.O.F
7200,VG NL (VG7200),0002257859,Henry Schein Dental B.V.
7200,VG NL (VG7200),0002257872,Der Nederlanden Elektro
7200,VG NL (VG7200),0002257931,Handelsonderneming Van der Neut
7200,VG NL (VG7200),0002257933,Elektro Netten B.V.
7200,VG NL (VG7200),0002257948,Electro World Poortman
7200,VG NL (VG7200),0002257960,Electronic Epe
7200,VG NL (VG7200),0002258005,Prieto B.V.
7200,VG NL (VG7200),0002258036,Praalder B.V.
7200,VG NL (VG7200),0002258098,Kunnen van der Gragt
7200,VG NL (VG7200),0002258100,J.v.d.Pol Hout-en Bouwmaterialen BV
7200,VG NL (VG7200),0002258109,Pol Techniek V.O.F.
7200,VG NL (VG7200),0002258118,Expert Houten
7200,VG NL (VG7200),0002258126,Van der Poel Elektro B.V.
7200,VG NL (VG7200),0002258144,Poggenpohl Nederland B.V.
7200,VG NL (VG7200),0002258162,Electro World Balsters
7200,VG NL (VG7200),0002258179,NDR Keukens B.V.
7200,VG NL (VG7200),0002258218,Reparatie Centrum Renswoude V.O.F.
7200,VG NL (VG7200),0002258237,"Radio ""Elektron"""
7200,VG NL (VG7200),0002258261,Promaat Interieurbouw
7200,VG NL (VG7200),0002258279,Probewa BV Handelsonderneming
7200,VG NL (VG7200),0002258331,Expert Purmerend B.V.
7200,VG NL (VG7200),0002258351,Electro World Weterings
7200,VG NL (VG7200),0002258401,EP:Electropan
7200,VG NL (VG7200),0002258431,Keukenstudio Paul
7200,VG NL (VG7200),0002258432,Electro van Kan B.V.
7200,VG NL (VG7200),0002258434,Expert Ermelo
7200,VG NL (VG7200),0002258469,Installatiebedrijf R. Oud B.V.
7200,VG NL (VG7200),0002258487,Electro World Oude Lashof V.O.F.
7200,VG NL (VG7200),0002258504,Oude Booyink keukens B.V.
7200,VG NL (VG7200),0002258527,BKS Verkoop en Advies B.V.
7200,VG NL (VG7200),0002258653,Pieters Keukens Heikant V.O.F.
7200,VG NL (VG7200),0002258655,Piest B.V.
7200,VG NL (VG7200),0002258698,G.P. Interieur Idee V.O.F.
7200,VG NL (VG7200),0002258729,Peters Keukeninterieurs B.V.
7200,VG NL (VG7200),0002258736,ServicePartner Peters St. Janshof
7200,VG NL (VG7200),0002258746,Electro World Peursum B.V.
7200,VG NL (VG7200),0002258759,Expert Bernard Peper
7200,VG NL (VG7200),0002258783,Electro World Leeuwen
7200,VG NL (VG7200),0002258793,Gerard Hempen Keukens
7200,VG NL (VG7200),0002258819,Leuveld Electro Centrum L.E.C. BV
7200,VG NL (VG7200),0002258849,LE:Leistra Electronica
7200,VG NL (VG7200),0002258857,Leeuwen van Keukens BV
7200,VG NL (VG7200),0002258863,Theo Leenders B.V.
7200,VG NL (VG7200),0002258878,Electro World Wim van Leeuwen
7200,VG NL (VG7200),0002258887,Expert Nederweert
7200,VG NL (VG7200),0002258906,Arseus Dental Nederland
7200,VG NL (VG7200),0002258917,Jan Lagemaat Wasautomaten BV
7200,VG NL (VG7200),0002258922,Lammers Electro Specialist
7200,VG NL (VG7200),0002258925,Lampe Expert BV
7200,VG NL (VG7200),0002258939,Van Lankveld Interieurbouw B.V.
7200,VG NL (VG7200),0002258947,Langen Keukeninterieurs
7200,VG NL (VG7200),0002258951,Lamet Italiaanse Keukens BV
7200,VG NL (VG7200),0002258958,Expert Larmoyeur B.V.
7200,VG NL (VG7200),0002258979,Lansink Keukens Oldenzaal BV
7200,VG NL (VG7200),0002259037,Expert Beuningen
7200,VG NL (VG7200),0002259056,Loomans Keukens v.o.f.
7200,VG NL (VG7200),0002259061,Bergmans en Wijnen Electro B.V.
7200,VG NL (VG7200),0002259090,Lodder Keuken Design B.V.
7200,VG NL (VG7200),0002259095,Leo Interieurontwerp B.V.
7200,VG NL (VG7200),0002259097,Installatiebedrijf Leneman B.V.
7200,VG NL (VG7200),0002259119,Keukens by Nieuwenhuizen B.V.
7200,VG NL (VG7200),0002259145,Expert Bakker V.O.F.
7200,VG NL (VG7200),0002259158,Van Lieshout Keukens B.V.
7200,VG NL (VG7200),0002259159,Van Lieshout Keukens
7200,VG NL (VG7200),0002259197,Koopman Personal Design
7200,VG NL (VG7200),0002259199,Bouwcenter Koolschijn
7200,VG NL (VG7200),0002259252,Electro World Kortman V.O.F.
7200,VG NL (VG7200),0002259267,Korstanje Installatie B.V.
7200,VG NL (VG7200),0002259289,Euronics Korpershoek Elektronika BV
7200,VG NL (VG7200),0002259295,Expert Koppenol B.V.
7200,VG NL (VG7200),0002259319,Koertshuis Electrotechniek B.V.
7200,VG NL (VG7200),0002259320,Koelmans & Van der Lep
7200,VG NL (VG7200),0002259329,Witgoedspecialist Stefan Knibbeler
7200,VG NL (VG7200),0002259331,"De Knikker-Keukens, Sanitair &"
7200,VG NL (VG7200),0002259334,EP:Kuik
7200,VG NL (VG7200),0002259350,V.O.F. Knipping - van Berkel
7200,VG NL (VG7200),0002259383,Ad Kokx Witgoed
7200,VG NL (VG7200),0002259392,Koeleman Elektro B.V.
7200,VG NL (VG7200),0002259396,Kolk Interieurs B.V.
7200,VG NL (VG7200),0002259409,Witgoed Specialist Kuijpers Electro Vof
7200,VG NL (VG7200),0002259410,Van Kuyk Dé Witgoed Specialist
7200,VG NL (VG7200),0002259412,Kusters Elektro Service
7200,VG NL (VG7200),0002259417,Koenis Witgoed B.V.
7200,VG NL (VG7200),0002259429,H.A. Kuijs B.V.
7200,VG NL (VG7200),0002259444,Kuipers Electronics
7200,VG NL (VG7200),0002259456,Kuin Keuken Interieurs
7200,VG NL (VG7200),0002259457,M. Kuivenhoven BV
7200,VG NL (VG7200),0002259475,ElektroVakman Lafeber v/h Franse
7200,VG NL (VG7200),0002259496,Kwinten Interieurprojecten B.V.
7200,VG NL (VG7200),0002259514,Kramers Expert Vof
7200,VG NL (VG7200),0002259533,Martin Kranenburg
7200,VG NL (VG7200),0002259538,Electro World Kosse B.V.
7200,VG NL (VG7200),0002259543,Kösters Audio en Witgoed B.V.
7200,VG NL (VG7200),0002259550,Bad & Keuken Design Sevenum B.V.
7200,VG NL (VG7200),0002259564,Der Kreis
7200,VG NL (VG7200),0002259584,Herman van Kruchten V.O.F.
7200,VG NL (VG7200),0002259633,EP:Mensonides Harlingen B.V.
7200,VG NL (VG7200),0002259636,Mennen Witgoed Service
7200,VG NL (VG7200),0002259659,Expert Meijer Berlikum BV
7200,VG NL (VG7200),0002259673,Electro World Hamer B.V.
7200,VG NL (VG7200),0002259708,Expert Deurne B.V.
7200,VG NL (VG7200),0002259709,Mennen Keukens B.V.
7200,VG NL (VG7200),0002259716,VWR International B.V.
7200,VG NL (VG7200),0002259719,EP:Meppel
7200,VG NL (VG7200),0002259721,Expert Meppel
7200,VG NL (VG7200),0002259837,Metro Cash & Carry Nederland B.V.
7200,VG NL (VG7200),0002259850,B.J. Minnema en Zn.
7200,VG NL (VG7200),0002259851,Minet BV
7200,VG NL (VG7200),0002259897,Witgoed Specialist Molenaar B.V.
7200,VG NL (VG7200),0002259898,EP:Molendijk
7200,VG NL (VG7200),0002259950,Meyer Totaal
7200,VG NL (VG7200),0002259951,Expert Meijer St. Annaparochie B.V.
7200,VG NL (VG7200),0002259955,Meijer Expert Vof
7200,VG NL (VG7200),0002259964,Radio en T.V. van der Meulen
7200,VG NL (VG7200),0002259965,Electro World Van der Meulen
7200,VG NL (VG7200),0002259966,"Meulensteen, Audio/Video/Wtgoed N."
7200,VG NL (VG7200),0002259983,Interieurs De Meubelberg B.V.
7200,VG NL (VG7200),0002260023,Expert Oosterwolde
7200,VG NL (VG7200),0002260024,Meijers Witgoed
7200,VG NL (VG7200),0002260028,Middelkoop Culemborg B.V.
7200,VG NL (VG7200),0002260039,De Keukenstudio V.O.F.
7200,VG NL (VG7200),0002260045,Intri B.V.
7200,VG NL (VG7200),0002260135,Witgoed Speciaalzaak Twente
7200,VG NL (VG7200),0002260204,Electrospecialist Peter Lunenburg
7200,VG NL (VG7200),0002260229,Electro Tubbergen h/o
7200,VG NL (VG7200),0002260249,Plieger BV
7200,VG NL (VG7200),0002260250,Expert Dinxperlo
7200,VG NL (VG7200),0002260260,Verhagen Witgoed B.V.
7200,VG NL (VG7200),0002260293,Martens Keukens en Haarden Uitgeest
7200,VG NL (VG7200),0002260363,Mangnus Technisch Installatie BV
7200,VG NL (VG7200),0002260364,JMK Beheer B.V.
7200,VG NL (VG7200),0002260383,Laurion AG
7200,VG NL (VG7200),0002260389,Van Manen Keukens B.V.
7200,VG NL (VG7200),0002260406,Keukencentrum Marssum B.V.
7200,VG NL (VG7200),0002260416,Martens & Dochters V.O.F.
7200,VG NL (VG7200),0002260512,Top Keukens
7200,VG NL (VG7200),0002260516,Toplijn Keukens B.V.
7200,VG NL (VG7200),0002260537,Tonies Keukens B.V.
7200,VG NL (VG7200),0002260545,EP:René
7200,VG NL (VG7200),0002260548,H.J.Tolkamp Keukeninr. en
7200,VG NL (VG7200),0002260549,Electro World Tolner Beeld & Geluid
7200,VG NL (VG7200),0002260555,Fred Constant
7200,VG NL (VG7200),0002260579,Keukencentrum Tieleman BV
7200,VG NL (VG7200),0002260586,Tibosch Afbouwcentrum B.V.
7200,VG NL (VG7200),0002260623,Tinello B.V.
7200,VG NL (VG7200),0002260644,C. van Tilburg Keukens B.V.
7200,VG NL (VG7200),0002260658,Ant. Duijn Keukens BV
7200,VG NL (VG7200),0002260667,Witgoed Specialist Tilburg B.V.
7200,VG NL (VG7200),0002260669,Van Bavel
7200,VG NL (VG7200),0002260672,Stient Electro
7200,VG NL (VG7200),0002260703,TuijpsHuysch
7200,VG NL (VG7200),0002260704,Tuijp Keuken & Bad B.V.
7200,VG NL (VG7200),0002260713,EP:Tummers Echt
7200,VG NL (VG7200),0002260714,EP:Tummers Tegelen
7200,VG NL (VG7200),0002260716,EP:Tummers Roermond
7200,VG NL (VG7200),0002260764,ElektroVakman Tijsen V.O.F.
7200,VG NL (VG7200),0002260804,EP:Total Electronics
7200,VG NL (VG7200),0002260808,InHuiz B.V.
7200,VG NL (VG7200),0002260814,T.P. Service
7200,VG NL (VG7200),0002260831,Electro World Trijselaar
7200,VG NL (VG7200),0002260837,Expert Tromp B.V.
7200,VG NL (VG7200),0002260863,EP: De Treffer
7200,VG NL (VG7200),0002260886,Keukencentrum Schoonhoven
7200,VG NL (VG7200),0002260890,Electro World Schoonderbeek BV
7200,VG NL (VG7200),0002260910,"Rijksen, speciaal timmerwerk,"
7200,VG NL (VG7200),0002260939,Schuurman Keukens B.V.
7200,VG NL (VG7200),0002260960,Keukenstudio Rudie Schrör / K.K.M.
7200,VG NL (VG7200),0002260963,Otto Schop Timmerwerken B.V.
7200,VG NL (VG7200),0002261020,De Schouw Witgoed B.V.
7200,VG NL (VG7200),0002261052,Expert Schipper B.V.
7200,VG NL (VG7200),0002261065,Schelfhout Elektro
7200,VG NL (VG7200),0002261066,Bouwcenter Logus-De Hoop Bergen op Zoom
7200,VG NL (VG7200),0002261098,TDC
7200,VG NL (VG7200),0002261129,TEC Nijmegen
7200,VG NL (VG7200),0002261170,Terpstra Electronica
7200,VG NL (VG7200),0002261177,T & E Elektro
7200,VG NL (VG7200),0002261228,Electro World Radio Talsma
7200,VG NL (VG7200),0002261409,EP:Jan Verdaas
7200,VG NL (VG7200),0002261410,Electro World Verlinde
7200,VG NL (VG7200),0002261435,Witgoed Specialist Jan Verschoor BV
7200,VG NL (VG7200),0002261438,Verhoeks Keukens B.V.
7200,VG NL (VG7200),0002261447,Witgoed Specialist Verstegen  B.V.
7200,VG NL (VG7200),0002261452,Verhagen Elektroservice
7200,VG NL (VG7200),0002261494,Electro Point Verhoeven
7200,VG NL (VG7200),0002261599,Verheggen Meubelmakerij B.V.
7200,VG NL (VG7200),0002261838,Utrecht Dental B.V.
7200,VG NL (VG7200),0002261858,United Distributie
7200,VG NL (VG7200),0002261860,Uniek Keuken- en Tegelcentrum
7200,VG NL (VG7200),0002261871,Unipart Utrecht
7200,VG NL (VG7200),0002261947,Expert Barneveld
7200,VG NL (VG7200),0002261948,Electro World Verberkt
7200,VG NL (VG7200),0002261964,De Vier B.V.
7200,VG NL (VG7200),0002261973,Electro World De Radiobeurs Lisse
7200,VG NL (VG7200),0002261983,ElektroVakman Verbakel Techniek BV
7200,VG NL (VG7200),0002261991,Nijver Beheer B.V.
7200,VG NL (VG7200),0002262007,R & R Keukendesign V.O.F.
7200,VG NL (VG7200),0002262012,Expert Culemborg
7200,VG NL (VG7200),0002262018,V.O.F. Barendse & van der Weide
7200,VG NL (VG7200),0002262019,Verheijen Onderdelen
7200,VG NL (VG7200),0002262020,Electro World Verkerk BV
7200,VG NL (VG7200),0002262021,Fa. Verjaal
7200,VG NL (VG7200),0002262026,Verkade Keukentechniek B.V.
7200,VG NL (VG7200),0002262052,D. Veerman & Zn BV
7200,VG NL (VG7200),0002262056,ElektroVakman Joh. v.d. Veen
7200,VG NL (VG7200),0002262080,Vébé Keukens BV
7200,VG NL (VG7200),0002262098,E.T.B. Frans van Velthoven B.V.
7200,VG NL (VG7200),0002262103,Expert Kaatsheuvel
7200,VG NL (VG7200),0002262137,Witgoed Specialist Veldhoven B.V.
7200,VG NL (VG7200),0002262145,EP:Ruijg
7200,VG NL (VG7200),0002262172,Ruitenberg Interieurbouw B.V.
7200,VG NL (VG7200),0002262201,Salm & Kipp B.V.
7200,VG NL (VG7200),0002262265,EP:Rosies
7200,VG NL (VG7200),0002262287,Visser Burgum Dé Witgoed Specialist
7200,VG NL (VG7200),0002262298,Witgoed Specialist Koos Rood B.V.
7200,VG NL (VG7200),0002262324,De Ru service Dé Witgoed Specialist
7200,VG NL (VG7200),0002262329,BV Roermondse Bouwmaterialenhandel
7200,VG NL (VG7200),0002262333,de Rouw Elektro
7200,VG NL (VG7200),0002262350,Electro World Rust-de Laat V.O.F.
7200,VG NL (VG7200),0002262351,Electro World A. Roxs
7200,VG NL (VG7200),0002262353,ServicePartner Schiphorst V.O.F.
7200,VG NL (VG7200),0002262355,Expert Landgraaf V.O.F.
7200,VG NL (VG7200),0002262430,Scheffer Keukens B.V.
7200,VG NL (VG7200),0002262560,Satink Zwolle B.V.
7200,VG NL (VG7200),0002262599,Witgoed Specialist Renaud V.O.F.
7200,VG NL (VG7200),0002262602,Fa. R.E.S.
7200,VG NL (VG7200),0002262614,Electro World Stronks
7200,VG NL (VG7200),0002262625,Rhijnart Keukens
7200,VG NL (VG7200),0002262627,EP:Rickelman Boxtel
7200,VG NL (VG7200),0002262712,Expert Gorredijk B.V.
7200,VG NL (VG7200),0002262717,Electro World Reezo Oosterbeek
7200,VG NL (VG7200),0002262718,Electro World Reezo Duiven
7200,VG NL (VG7200),0002262719,Keukenstudio Regio Oost B.V.
7200,VG NL (VG7200),0002262742,RMR Interieurbouw B.V.
7200,VG NL (VG7200),0002262748,Expert Goor Vof
7200,VG NL (VG7200),0002262785,Barend Romijn Electrospeciaalzaak
7200,VG NL (VG7200),0002262815,Electro World Roetgerink
7200,VG NL (VG7200),0002262819,Koeleman Barchem
7200,VG NL (VG7200),0002262829,Witgoed Specialist van Rooij
7200,VG NL (VG7200),0002262832,Witgoed Specialist van Rooij
7200,VG NL (VG7200),0002262856,Witgoedservice Ronco B.V.
7200,VG NL (VG7200),0002262885,Electro World van Rij
7200,VG NL (VG7200),0002262931,EP:Robben
7200,VG NL (VG7200),0002262957,Rivium Keukens BV
7200,VG NL (VG7200),0002262965,Risselada & Van Kuijzen B.V.
7200,VG NL (VG7200),0002262968,Riske B.V.
7200,VG NL (VG7200),0002262982,Sense Keukens
7200,VG NL (VG7200),0002262993,Eric Steenhuizen Keukens
7200,VG NL (VG7200),0002263015,EP:Stevens B.V.
7200,VG NL (VG7200),0002263017,Sant Interiors B.V.
7200,VG NL (VG7200),0002263037,Keukenexpo B.V.
7200,VG NL (VG7200),0002263044,Stienstra Keukens B.V.
7200,VG NL (VG7200),0002263069,PromiQ B.V.
7200,VG NL (VG7200),0002263078,Stormink Keukenstudio v.o.f.
7200,VG NL (VG7200),0002263109,Stadshaege Keukendesign
7200,VG NL (VG7200),0002263137,Elektraenzo
7200,VG NL (VG7200),0002263138,Spronk Vof
7200,VG NL (VG7200),0002263144,Radio en TV Stegeman B.V.
7200,VG NL (VG7200),0002263146,Leo van der Steen De Witgoed Specialist
7200,VG NL (VG7200),0002263174,Electroworld Stadhouder B.V.
7200,VG NL (VG7200),0002263190,"Van der Stad keukens, tegels,"
7200,VG NL (VG7200),0002263191,Radio-en Televisie Van Staveren BV
7200,VG NL (VG7200),0002263202,Culimaat B.V.
7200,VG NL (VG7200),0002263225,Expert Surhuisterveen
7200,VG NL (VG7200),0002263233,Swaak B.V.
7200,VG NL (VG7200),0002263237,Svolta B.V.
7200,VG NL (VG7200),0002263255,Technische Dienst Schaart
7200,VG NL (VG7200),0002263263,EP:Schalkwijk BV
7200,VG NL (VG7200),0002263264,Schalk keuken en bad
7200,VG NL (VG7200),0002263277,Sijben Wooncenter B.V.
7200,VG NL (VG7200),0002263303,Expert Dieren B.V.
7200,VG NL (VG7200),0002263320,Expert Rheden B.V.
7200,VG NL (VG7200),0002263322,Strijbosch B.V.
7200,VG NL (VG7200),0002263324,Strijbosch B.V.
7200,VG NL (VG7200),0002263339,Aad Stolk VOF
7200,VG NL (VG7200),0002263354,Jan van Sundert B.V.
7200,VG NL (VG7200),0002263363,Strakk B.V.
7200,VG NL (VG7200),0002263383,R-Cucine Den Bosch B.V.
7200,VG NL (VG7200),0002263415,Sjors Overbeek Interieurs
7200,VG NL (VG7200),0002263444,Electro World Sjabbens B.V.
7200,VG NL (VG7200),0002263449,Six Electronica Service
7200,VG NL (VG7200),0002263468,Slenders Witgoed
7200,VG NL (VG7200),0002263470,Keukenstudio Kooistra v.o.f.
7200,VG NL (VG7200),0002263498,Slenders Electra
7200,VG NL (VG7200),0002263501,Van Slageren Keukendesign B.V.
7200,VG NL (VG7200),0002263510,Seijsener Rekreatietechniek B.V
7200,VG NL (VG7200),0002263557,De Lange Witgoed
7200,VG NL (VG7200),0002263571,SmartDesign Keukenstudio B.V.
7200,VG NL (VG7200),0002263581,Silvius Expert BV
7200,VG NL (VG7200),0002263593,Winkel van Ginkel
7200,VG NL (VG7200),0002263608,Peter Trieling Keukendesign
7200,VG NL (VG7200),0002263609,Siematic Ks van Vliet Axel B.V.
7200,VG NL (VG7200),0002263640,Van Sommeren Elektro
7200,VG NL (VG7200),0002263644,Sombroek Keukens B.V.
7200,VG NL (VG7200),0002263645,Keuken Solutions
7200,VG NL (VG7200),0002263701,H.A. Spaans en Zn.
7200,VG NL (VG7200),0002263709,Van Spengen Vinkeveen
7200,VG NL (VG7200),0002263729,Smit Keukens en Kasten
7200,VG NL (VG7200),0002263766,Intercodam Amstelveen
7200,VG NL (VG7200),0002263791,Witgoed Specialist Soest
7200,VG NL (VG7200),0002263805,Electro World Hamers
7200,VG NL (VG7200),0002263840,Groendijk Expert
7200,VG NL (VG7200),0002263879,B&B Keukenstudio Amsterdam
7200,VG NL (VG7200),0002263921,Coenenspark Peters BV
7200,VG NL (VG7200),0002263950,Expert Berkel en Rodenrijs
7200,VG NL (VG7200),0002263958,Carmen Keukenstudio
7200,VG NL (VG7200),0002263966,De Carpentier Keukens B.V.
7200,VG NL (VG7200),0002263968,Casatronics Dé Witgoed Specialist
7200,VG NL (VG7200),0002264061,Expert Cuijk B.V.
7200,VG NL (VG7200),0002264076,Cup Arcen V.O.F.
7200,VG NL (VG7200),0002264085,Het Culemborgs Keukenhuis BV
7200,VG NL (VG7200),0002264104,Keukencentrum Das B.V.
7200,VG NL (VG7200),0002264151,KeukenConcurrent
7200,VG NL (VG7200),0002264156,Technisch Bureau Corona
7200,VG NL (VG7200),0002264165,Coninx Keukens B.V.
7200,VG NL (VG7200),0002264186,Concordia Keuken & Bad Meppel
7200,VG NL (VG7200),0002264200,Expert Crabbehof
7200,VG NL (VG7200),0002264228,Witgoedservice Toon Cornelissen B.V.
7200,VG NL (VG7200),0002264279,Expert Maastricht
7200,VG NL (VG7200),0002264286,Timmerbedrijf W.Broks
7200,VG NL (VG7200),0002264338,Electrotechnisch Bureau Van Bruggen
7200,VG NL (VG7200),0002264350,Electro World Breukers B.V.
7200,VG NL (VG7200),0002264355,Expert Breezand
7200,VG NL (VG7200),0002264361,Brenkman Culemborg B.V.
7200,VG NL (VG7200),0002264372,van der Dussen Maatkeukens v.o.f.
7200,VG NL (VG7200),0002264389,Expert Breukelen B.V.
7200,VG NL (VG7200),0002264402,Electro World Hans Brinkhuis
7200,VG NL (VG7200),0002264418,Keukenarchitectuur Midden Brabant
7200,VG NL (VG7200),0002264420,ServicePartner Brouwer Elektro
7200,VG NL (VG7200),0002264422,Electro World W. van den Broek
7200,VG NL (VG7200),0002264425,Jac. V/d Broek
7200,VG NL (VG7200),0002264452,Electro World Brilman B.V.
7200,VG NL (VG7200),0002264460,Expert Bushoff
7200,VG NL (VG7200),0002264468,Expert Twello
7200,VG NL (VG7200),0002264497,BMN Bouwmaterialen BV
7200,VG NL (VG7200),0002264537,Expert Bijlhout v.o.f.
7200,VG NL (VG7200),0002264563,Keukenstudio Van den Bijtel B.V.
7200,VG NL (VG7200),0002264585,M. de Bruijn Keuken & Interieurbouw
7200,VG NL (VG7200),0002264589,Bruggink Keukens
7200,VG NL (VG7200),0002264594,Keukencentrum Van der Voet B.V.
7200,VG NL (VG7200),0002264622,Laundrysystems B.V.
7200,VG NL (VG7200),0002264626,Wijnand Zwolle BV
7200,VG NL (VG7200),0002264631,Bulthaup Leiden
7200,VG NL (VG7200),0002264636,Bulthaup aan het Olympisch Stadion
7200,VG NL (VG7200),0002264666,van Duppen
7200,VG NL (VG7200),0002264679,Electro World Duynstee  B.V.
7200,VG NL (VG7200),0002264716,Expert Dukel
7200,VG NL (VG7200),0002264723,Electro World van Dijk Reeuwijk
7200,VG NL (VG7200),0002264730,Gebr. van Dijk Winkel B.V.
7200,VG NL (VG7200),0002264744,Electro World van Dijk
7200,VG NL (VG7200),0002264746,Electro World Bunschoten
7200,VG NL (VG7200),0002264765,Expert Klazienaveen B.V.
7200,VG NL (VG7200),0002264770,Gebroeders van Driel B.V.
7200,VG NL (VG7200),0002264779,Driessen Bouwmaterialen B.V.
7200,VG NL (VG7200),0002264797,Jan van Drie Elektro
7200,VG NL (VG7200),0002264820,Electro World Radio Drieenhuizen BV
7200,VG NL (VG7200),0002264833,DutchPC Electronics v.o.f. (Vorden)
7200,VG NL (VG7200),0002264859,Electro World Druten
7200,VG NL (VG7200),0002264868,Van Diessen Keukens BV
7200,VG NL (VG7200),0002264871,Dubelaar-Ligthart BV
7200,VG NL (VG7200),0002264873,DTS Putten B.V.
7200,VG NL (VG7200),0002264875,Elco Smit
7200,VG NL (VG7200),0002264878,Ep:Elburg
7200,VG NL (VG7200),0002264918,Peter Eilers Witgoedservice
7200,VG NL (VG7200),0002264925,Eiland De Wild keukens
7200,VG NL (VG7200),0002264928,Expert Eliesen Zutphen B.V.
7200,VG NL (VG7200),0002264929,Expert Eliesen Baak B.V.
7200,VG NL (VG7200),0002264938,Expert Wageningen B.V.
7200,VG NL (VG7200),0002264939,ElectronicPartner Nederland B.V.
7200,VG NL (VG7200),0002264941,Electro World Elres V.O.F.
7200,VG NL (VG7200),0002264942,Elroba v.o.f.
7200,VG NL (VG7200),0002264954,Elektro Centrum B.V. Wijhe
7200,VG NL (VG7200),0002264955,Elektro Centrum B.V. Lemelerveld
7200,VG NL (VG7200),0002264961,Expert Heemskerk B.V.
7200,VG NL (VG7200),0002264963,EP: Elektro Centrum Zwolle
7200,VG NL (VG7200),0002264969,Fa. Electro Centrum Driessen
7200,VG NL (VG7200),0002264970,Electrostore Rotterdam B.V.
7200,VG NL (VG7200),0002264978,Van Heerdt Dé Witgoed Specialist
7200,VG NL (VG7200),0002264979,EP:Nijverdal
7200,VG NL (VG7200),0002265012,Eco Keukens B.V.
7200,VG NL (VG7200),0002265046,Eigenhuis Keukens Capelle ad IJssel
7200,VG NL (VG7200),0002265051,Eigenhuis Keukens Hoofddorp B.V.
7200,VG NL (VG7200),0002265056,Eigenhuis Keukens Houten B.V.
7200,VG NL (VG7200),0002265075,Van Egdom Elektrotechniek B.V.
7200,VG NL (VG7200),0002265085,Electro World Derkink
7200,VG NL (VG7200),0002265109,Derk BV
7200,VG NL (VG7200),0002265112,Plandent
7200,VG NL (VG7200),0002265125,Dentalair Products B.V.
7200,VG NL (VG7200),0002265139,Diepeveen Keukens en Badkamers B.V.
7200,VG NL (VG7200),0002265159,Expert Diepenveen
7200,VG NL (VG7200),0002265171,Dévies cookcompany
7200,VG NL (VG7200),0002265194,Expert v.d. Griendt Drunen
7200,VG NL (VG7200),0002265203,Electro World Dekkers
7200,VG NL (VG7200),0002265208,Marius Fransen Keukens BV
7200,VG NL (VG7200),0002265211,De Lange Keukens B.V.
7200,VG NL (VG7200),0002265215,Paul Dekkers Keukens en Interieur B.V.
7200,VG NL (VG7200),0002265220,Direct Dental Supplies B.V.
7200,VG NL (VG7200),0002265236,Deeze Keukens B.V.
7200,VG NL (VG7200),0002265271,Witgoed Specialist Hommel V.O.F.
7200,VG NL (VG7200),0002265276,Delken Witgoed Specialist
7200,VG NL (VG7200),0002265308,Installatiebedrijf Spelt B.V.
7200,VG NL (VG7200),0002265316,Doorman BV
7200,VG NL (VG7200),0002265317,Doornenbal Nyverdal BV
7200,VG NL (VG7200),0002265337,Expert Oomen B.V.
7200,VG NL (VG7200),0002265345,Qoqon Amersfoort
7200,VG NL (VG7200),0002265347,Doppenberg Keukens Hoevelaken
7200,VG NL (VG7200),0002265355,Dosis Keuken en Interieur
7200,VG NL (VG7200),0002265376,EP:Dorrestijn
7200,VG NL (VG7200),0002265390,Expert J. Doreleijers B.V.
7200,VG NL (VG7200),0002265404,Electro World van Eijl
7200,VG NL (VG7200),0002265417,Jan van Dingenen Maatwerk B.V.
7200,VG NL (VG7200),0002265456,KCD Keuken design
7200,VG NL (VG7200),0002265467,Dominent B.V. h/o Expert Leersum
7200,VG NL (VG7200),0002265481,Dis Studio Amsterdam B.V.
7200,VG NL (VG7200),0002265488,Dis B.V.
7200,VG NL (VG7200),0002265519,AVA Electro B.V.
7200,VG NL (VG7200),0002265535,ASWA Uden B.V.
7200,VG NL (VG7200),0002265536,ASWA Dordrecht B.V.
7200,VG NL (VG7200),0002265537,ASWA B.V.
7200,VG NL (VG7200),0002265614,Potter Keukens en Sanitair
7200,VG NL (VG7200),0002265644,Aquastop Witgoed Service
7200,VG NL (VG7200),0002265663,All Dent
7200,VG NL (VG7200),0002265665,Asto Keukens B.V.
7200,VG NL (VG7200),0002265727,Bastiaans Keuken en Interieurb. vof
7200,VG NL (VG7200),0002265738,BCC (Elektro-Speciaalzaken) B.V.
7200,VG NL (VG7200),0002265790,B.C.C.
7200,VG NL (VG7200),0002265803,B.C.C.
7200,VG NL (VG7200),0002265821,Radio Bakker Alkmaar
7200,VG NL (VG7200),0002265834,Expert Nijkerk B.V.
7200,VG NL (VG7200),0002265839,Bakker Postma Keukens VOF
7200,VG NL (VG7200),0002265842,Radio Bakker Heiloo
7200,VG NL (VG7200),0002265850,Electro World Bas Baake
7200,VG NL (VG7200),0002265873,Bakker Elektro V.O.F.
7200,VG NL (VG7200),0002265879,Electro World Barneveld V.O.F.
7200,VG NL (VG7200),0002265898,Bart Totaal Design B.V.
7200,VG NL (VG7200),0002265901,ElektroVakman L. Bakker V.O.F.
7200,VG NL (VG7200),0002265906,Electro World Radio Bakker
7200,VG NL (VG7200),0002265937,A&A Keuken en Inbouwapparaten BV
7200,VG NL (VG7200),0002266013,Barthen Keuken Design Center V.O.F.
7200,VG NL (VG7200),0002266035,Aangeenbrug Electro
7200,VG NL (VG7200),0002266055,Electro World van Aarst
7200,VG NL (VG7200),0002266105,Gebroeders van Boven B.V.
7200,VG NL (VG7200),0002266114,Abitare B.V.
7200,VG NL (VG7200),0002266136,Andrea XL
7200,VG NL (VG7200),0002266168,American Dental Trading BV
7200,VG NL (VG7200),0002266169,Electro World Herman van Amelsvoort
7200,VG NL (VG7200),0002266188,Technisch Bureau Het Anker B.V.
7200,VG NL (VG7200),0002266191,Electrotechn. Bureau W.J. Apeldoorn
7200,VG NL (VG7200),0002266199,Raijmond Antonis Witgoedservice
7200,VG NL (VG7200),0002266201,Anto Elektra V.O.F.
7200,VG NL (VG7200),0002266261,Alka Keukens BV
7200,VG NL (VG7200),0002266281,Rikken Keukenarchitectuur B.V.
7200,VG NL (VG7200),0002266306,Studio Biesbos B.V.
7200,VG NL (VG7200),0002266312,de Anjelier BV
7200,VG NL (VG7200),0002266324,Aws Aloys Witgoed Service
7200,VG NL (VG7200),0002266329,Expert Almelo
7200,VG NL (VG7200),0002266335,Electro World Van Alten B.V.
7200,VG NL (VG7200),0002266339,Altis B.V.
7200,VG NL (VG7200),0002266356,EP:Boelaars
7200,VG NL (VG7200),0002266359,Boer Staphorst B.V.
7200,VG NL (VG7200),0002266373,Expert Boeijink
7200,VG NL (VG7200),0002266374,Boekweit Keukens & Badkamers B.V.
7200,VG NL (VG7200),0002266376,Electro World Gebr. de Boer
7200,VG NL (VG7200),0002266384,Expert Delfzijl B.V.
7200,VG NL (VG7200),0002266395,SP:Boelens Radio
7200,VG NL (VG7200),0002266416,Boom B.V.
7200,VG NL (VG7200),0002266417,Radio Bood V.O.F.
7200,VG NL (VG7200),0002266449,Bone Interieurwerken B.V.
7200,VG NL (VG7200),0002266493,Firma Th. Blom & Zonen
7200,VG NL (VG7200),0002266505,Boco Keukens B.V.
7200,VG NL (VG7200),0002266530,Expert Bodegraven B.V.
7200,VG NL (VG7200),0002266534,Bluyssen Keukentechniek
7200,VG NL (VG7200),0002266549,Koel Keukens Zaandijk B.V.
7200,VG NL (VG7200),0002266582,Van Boxel Audio Video Witgoed Serv. Vof
7200,VG NL (VG7200),0002266589,Bouter B.V.
7200,VG NL (VG7200),0002266609,EP:W. van der Steen Electro
7200,VG NL (VG7200),0002266618,TK Interiors B.V.
7200,VG NL (VG7200),0002266629,Den Braber Interieurbouw
7200,VG NL (VG7200),0002266725,Nuland Keukens
7200,VG NL (VG7200),0002266776,EP:Heinz van Benthum
7200,VG NL (VG7200),0002266779,Bennink Expert
7200,VG NL (VG7200),0002266810,Bemmel & Kroon Showroom
7200,VG NL (VG7200),0002266811,Van Bemmel en Kroon BV
7200,VG NL (VG7200),0002266815,Van Bemmel en Kroon BV
7200,VG NL (VG7200),0002266824,V.O.F. van den Berg Keukens en
7200,VG NL (VG7200),0002266834,van Berge Henegouwen
7200,VG NL (VG7200),0002266835,"Berg, De Keuken- en Meubelbouwer"
7200,VG NL (VG7200),0002266851,Jan Berkvens BV
7200,VG NL (VG7200),0002266869,Studio van den Berg
7200,VG NL (VG7200),0002266871,Keukencentrum Berkers BV
7200,VG NL (VG7200),0002266873,Expert Hillegom B.V.
7200,VG NL (VG7200),0002266879,Radio Beckers Heer
7200,VG NL (VG7200),0002266883,B & B Keukenstudio B.V.
7200,VG NL (VG7200),0002266893,Beerten Keukens
7200,VG NL (VG7200),0002266902,Interatio Keukens B.V.
7200,VG NL (VG7200),0002266923,Keukenarchitectuur BDZ B.V.
7200,VG NL (VG7200),0002266934,Beerepoot Hoorn B.V.
7200,VG NL (VG7200),0002266939,Electro World Bell Service V.O.F.
7200,VG NL (VG7200),0002266942,Belmar BV
7200,VG NL (VG7200),0002266947,Firma C. van Bekkum
7200,VG NL (VG7200),0002266948,ElektroVakman Bekmann Electro
7200,VG NL (VG7200),0002266963,Beerepoot Bovenkarspel B.V.
7200,VG NL (VG7200),0002266965,EP:Heijnen
7200,VG NL (VG7200),0002266968,Beerens Roggel B.V.
7200,VG NL (VG7200),0002266972,Keukenstudio Beelen
7200,VG NL (VG7200),0002267019,Gerl-VDB Dental B.V.
7200,VG NL (VG7200),0002267052,SP:Bleij Electro
7200,VG NL (VG7200),0002267056,Wehkamp B.V. (BCC)
7200,VG NL (VG7200),0002267067,Fa. Vosseling
7200,VG NL (VG7200),0002267114,Bertus Service B.V.
7200,VG NL (VG7200),0002267128,EP:Toon Bergmans
7200,VG NL (VG7200),0002267133,Expert Berkhof B.V.
7200,VG NL (VG7200),0002267171,Expert Steenwijk
7200,VG NL (VG7200),0002267178,Leo van den Berg Keukens B.V.
7200,VG NL (VG7200),0002267184,Bex Dé Witgoed Specialist
7200,VG NL (VG7200),0002267197,Expert Huizen
7200,VG NL (VG7200),0002267218,H. van Hunen B.V.
7200,VG NL (VG7200),0002267308,Hubbers B.V.
7200,VG NL (VG7200),0002267315,Van Leerzem Italiaanse Keukens
7200,VG NL (VG7200),0002267343,J. Herijgers
7200,VG NL (VG7200),0002267351,Electro World Van Hulzen
7200,VG NL (VG7200),0002267354,Huizenga Keukens
7200,VG NL (VG7200),0002267357,Huibers Elektrovakzaak B.V.
7200,VG NL (VG7200),0002267383,Huisman Retail B.V.
7200,VG NL (VG7200),0002267449,Inter Art
7200,VG NL (VG7200),0002267490,Dental Bauer Nederland B.V.
7200,VG NL (VG7200),0002267533,BMN Nieuwegein
7200,VG NL (VG7200),0002267535,Image Keukens B.V.
7200,VG NL (VG7200),0002267570,Interset Keukens B.V.
7200,VG NL (VG7200),0002267580,Intermat Mijdrecht B.V.
7200,VG NL (VG7200),0002267587,IC Woerden B.V.
7200,VG NL (VG7200),0002267610,Coen Hof B.V.
7200,VG NL (VG7200),0002267611,Firma Hofman
7200,VG NL (VG7200),0002267626,Hofmeester Dental BV
7200,VG NL (VG7200),0002267631,EP:Hofman Elektronica
7200,VG NL (VG7200),0002267644,Elektro-Specialist Hoeben
7200,VG NL (VG7200),0002267695,Electro World Hogeweg
7200,VG NL (VG7200),0002267698,Hogerhuis Expert B.V.
7200,VG NL (VG7200),0002267719,Electro World van Hezik
7200,VG NL (VG7200),0002267746,Witgoed reparatie De Heuvelrug
7200,VG NL (VG7200),0002267755,Heijnen Digitaal Beter BV
7200,VG NL (VG7200),0002267758,Electro World vd Heijden BV
7200,VG NL (VG7200),0002267766,Hijwegen's Witgoed-en Electro-Serv.
7200,VG NL (VG7200),0002267802,Expert Meijer Franeker
7200,VG NL (VG7200),0002267825,Horsthuis Rossum B.V.
7200,VG NL (VG7200),0002267858,Hoppenbrouwers Electro World
7200,VG NL (VG7200),0002267874,Houtwerk B.V.
7200,VG NL (VG7200),0002267894,Keukenstudio Voorschoten V.O.F.
7200,VG NL (VG7200),0002267897,EP:Van Houwelingen
7200,VG NL (VG7200),0002267914,Van Hout Keukens V.O.F.
7200,VG NL (VG7200),0002267937,HomeMatic DesignKeukens
7200,VG NL (VG7200),0002267968,KBK Ramakers Interieurbouw B.V.
7200,VG NL (VG7200),0002267985,BouwCenter LOGUS-de Hoop Terneuzen
7200,VG NL (VG7200),0002267986,BouwCenter LOGUS-de Hoop Terneuzen
7200,VG NL (VG7200),0002268025,Hoogendoorn Witgoed
7200,VG NL (VG7200),0002268043,Keukenhof Sliedrecht
7200,VG NL (VG7200),0002268048,Keukenland Wijhe B.V.
7200,VG NL (VG7200),0002268049,Keukenhof Wieringerm.
7200,VG NL (VG7200),0002268062,Saniluxe keukens B.V./J2 Koken
7200,VG NL (VG7200),0002268070,Keukenmaxx BV
7200,VG NL (VG7200),0002268110,Keukenline BV
7200,VG NL (VG7200),0002268131,Keukenarchitectuur Zeist
7200,VG NL (VG7200),0002268134,Het Keukenmagazijn
7200,VG NL (VG7200),0002268138,Kers Elektro Reparatie Service BV
7200,VG NL (VG7200),0002268167,Keukenstudio Van Kempen B.V.
7200,VG NL (VG7200),0002268182,Expert Veldhoven
7200,VG NL (VG7200),0002268200,Keukendesign Kampen B.V.
7200,VG NL (VG7200),0002268202,Het Keukenhuys Hoorn B.V.
7200,VG NL (VG7200),0002268230,Gorissen Keukens
7200,VG NL (VG7200),0002268233,Eigenhuis Keukens Amersfoort B.V.
7200,VG NL (VG7200),0002268252,EP:Klaver
7200,VG NL (VG7200),0002268263,De Klein Audiovisuals
7200,VG NL (VG7200),0002268294,Klomp Keukens
7200,VG NL (VG7200),0002268301,Kloosterman Keukens en Badkamers BV
7200,VG NL (VG7200),0002268310,Kluijtmans Totaalservice
7200,VG NL (VG7200),0002268319,ServicePartner VOF Bokkers & Renes
7200,VG NL (VG7200),0002268438,G.A.M. Kint van Kampen VOF
7200,VG NL (VG7200),0002268472,Expert Laren BV
7200,VG NL (VG7200),0002268493,E.T.I.B. E. Joannes
7200,VG NL (VG7200),0002268536,Hans Jongbloed
7200,VG NL (VG7200),0002268558,Janssen Elektro V.O.F.
7200,VG NL (VG7200),0002268566,Jansen Totaal Wonen B.V.
7200,VG NL (VG7200),0002268597,Jansens-Balvers B.V.
7200,VG NL (VG7200),0002268602,ElektroVakman B.J. Zundert
7200,VG NL (VG7200),0002268608,Expert Jansen B.V.
7200,VG NL (VG7200),0002268629,EP:Jeuken
7200,VG NL (VG7200),0002268640,Keukenspeciaalzaak Janssen B.V.
7200,VG NL (VG7200),0002268642,Janssen Elektra BV
7200,VG NL (VG7200),0002268646,Techno Janssen V.O.F.
7200,VG NL (VG7200),0002268706,C. van Kapel VOF Elektro-Technisch
7200,VG NL (VG7200),0002268735,Kookhuis B.V.
7200,VG NL (VG7200),0002268762,KBC Scharnegoutum B.V.
7200,VG NL (VG7200),0002268816,Spelt Witgoed en reparatie V.O.F.
7200,VG NL (VG7200),0002268846,Montall Keukens B.V.
7200,VG NL (VG7200),0002268859,V.O.F. Van der Kampen Electronics
7200,VG NL (VG7200),0002268879,Van Galen Keuken & Bad B.V.
7200,VG NL (VG7200),0002268948,Gego  B.V.
7200,VG NL (VG7200),0002268953,Gay Jongen Maastricht BV
7200,VG NL (VG7200),0002268977,Keukencentrum Franssen B.V.
7200,VG NL (VG7200),0002268989,Franken Keukens B.V.
7200,VG NL (VG7200),0002269013,Formaat Keukens
7200,VG NL (VG7200),0002269110,Keuken en interieurontwerpers
7200,VG NL (VG7200),0002269112,Tinnemans Keukens B.V.
7200,VG NL (VG7200),0002269131,P. Geraedts V.O.F.
7200,VG NL (VG7200),0002269154,Gijsberts Keukens-Tegels-Sanitair
7200,VG NL (VG7200),0002269156,Expert Wijchen
7200,VG NL (VG7200),0002269218,Fa. M.A. van Geloof en Zoon
7200,VG NL (VG7200),0002269249,Van Gent Walburg B.V.
7200,VG NL (VG7200),0002269280,Expert Gennep B.V.
7200,VG NL (VG7200),0002269297,Van Essen Interieurbouw B.V.
7200,VG NL (VG7200),0002269322,Expert van Erp B.V.
7200,VG NL (VG7200),0002269342,Feenstra Keuken & Bad Sneek BV
7200,VG NL (VG7200),0002269431,Electro World Eltink Bemmel B.V.
7200,VG NL (VG7200),0002269440,Fisher Scientific
7200,VG NL (VG7200),0002269449,AU FOUR Keukens
7200,VG NL (VG7200),0002269473,Erbee Keukens
7200,VG NL (VG7200),0002269484,Engberts en Olthuis
7200,VG NL (VG7200),0002269490,EP:Enter
7200,VG NL (VG7200),0002269497,Frits van Enk Expert B.V.
7200,VG NL (VG7200),0002269545,Qoqon Ermelo
7200,VG NL (VG7200),0002269583,Floris Elektrotechniek B.V.
7200,VG NL (VG7200),0002269585,André Flinkert Service/Installatie
7200,VG NL (VG7200),0002269603,Floris Keukens
7200,VG NL (VG7200),0002269610,Expert Woerden
7200,VG NL (VG7200),0002269615,Nederlandse Expert Groep BV
7200,VG NL (VG7200),0002269618,Expert Emmen
7200,VG NL (VG7200),0002269619,Expert Drachten
7200,VG NL (VG7200),0002269647,Electro World Witte Hal mét Kwik-Rep
7200,VG NL (VG7200),0002269650,Expert Asten
7200,VG NL (VG7200),0002269657,EP:Excellent
7200,VG NL (VG7200),0002269692,EP:Faber B.V.
7200,VG NL (VG7200),0002269694,Joop Faase B.V.
7200,VG NL (VG7200),0002269708,Fair Price Dé Witgoed Specialist
7200,VG NL (VG7200),0002269717,EP:Back Electronics
7200,VG NL (VG7200),0002269727,De Mulder Keukens op Maat B.V.
7200,VG NL (VG7200),0002269736,Electro Hardenberg (XLR Audio)
7200,VG NL (VG7200),0002269762,Electroworld Hartelust
7200,VG NL (VG7200),0002269786,Haijma Dé Witgoed Specialist
7200,VG NL (VG7200),0002269788,Hawinkels Interieur
7200,VG NL (VG7200),0002269807,Electro World van Hattum B.V.
7200,VG NL (VG7200),0002269812,Expert Neede
7200,VG NL (VG7200),0002269828,Electro World Hagedoorn
7200,VG NL (VG7200),0002269829,De Hagenpoort
7200,VG NL (VG7200),0002269838,Expert Den Dolder
7200,VG NL (VG7200),0002269864,Expert Boskoop B.V.
7200,VG NL (VG7200),0002269883,Keukencentrum Wim van der Ham B.V.
7200,VG NL (VG7200),0002269907,Haku Dé Witgoed Specialist
7200,VG NL (VG7200),0002269946,BouwCenter HCI B.V.
7200,VG NL (VG7200),0002270013,Firma Radio Henneken
7200,VG NL (VG7200),0002270024,Hermkes Interieur
7200,VG NL (VG7200),0002270034,Ter Heegde Handelmaatschappij  B.V.
7200,VG NL (VG7200),0002270042,W.M.M. Heerkens Keukens B.V.
7200,VG NL (VG7200),0002270062,HBV Keukens
7200,VG NL (VG7200),0002270066,Expert Uithoorn
7200,VG NL (VG7200),0002270069,Heas & Doedens
7200,VG NL (VG7200),0002270105,Expert Oss BV
7200,VG NL (VG7200),0002270113,M. van Heertum v.o.f.
7200,VG NL (VG7200),0002270133,Witgoed Specialist Hevi B.V.
7200,VG NL (VG7200),0002270141,Elgo Eethen B.V.
7200,VG NL (VG7200),0002270181,De Stofz.centrale L.van Gorkom BV
7200,VG NL (VG7200),0002270215,D. van de Graaf Elektrotechniek vof
7200,VG NL (VG7200),0002270218,Keukencentrum De Graafschap
7200,VG NL (VG7200),0002270236,Expert de Graaf
7200,VG NL (VG7200),0002270238,Expert de Graaf
7200,VG NL (VG7200),0002270272,Keukencentrum D.van Ginkel en Zn.BV
7200,VG NL (VG7200),0002270281,G.T.C. Gjaltema vof
7200,VG NL (VG7200),0002270310,Witgoed Specialist Van de Goor BV
7200,VG NL (VG7200),0002270311,Goossens Keukens & Interieurs
7200,VG NL (VG7200),0002270318,Electro Gommans
7200,VG NL (VG7200),0002270327,SP:Audio-Video-Electro Van Gog
7200,VG NL (VG7200),0002270331,Goergen B.V.
7200,VG NL (VG7200),0002270357,EP:Gruyters P.
7200,VG NL (VG7200),0002270397,Electro World de Groot
7200,VG NL (VG7200),0002270409,ElektroVakman De Haan Elektrotechn.
7200,VG NL (VG7200),0002270410,Lieshout Dé Witgoed Specialist
7200,VG NL (VG7200),0002270414,Haak Keukens
7200,VG NL (VG7200),0002270419,H.W.de Haar Niftrik B.V.
7200,VG NL (VG7200),0002270425,Firma Haantjes V.O.F.
7200,VG NL (VG7200),0002270468,Grando Keukens Naaldwijk
7200,VG NL (VG7200),0002270470,Schepers Keukendesign
7200,VG NL (VG7200),0002270478,Grando Keukens Uden
7200,VG NL (VG7200),0002270480,Grando Retail B.V.
7200,VG NL (VG7200),0002270520,Electro World Grootaarts V.O.F.
7200,VG NL (VG7200),0002270531,A. van der Groef B.V.
7200,VG NL (VG7200),0002270535,Oude Lashof V.O.F.
7200,VG NL (VG7200),0002270538,Pieter Groen THO
7200,VG NL (VG7200),0002270551,EP:Groot Zevert
7200,VG NL (VG7200),0002278982,Electro World Weiden
7200,VG NL (VG7200),0002278999,Electro World Weerts B.V.
7200,VG NL (VG7200),0002279005,Electro World van der Weerd
7200,VG NL (VG7200),0002279006,Weeteling Keukens
7200,VG NL (VG7200),0002279077,Wassenbergh Witgoed V.O.F.
7200,VG NL (VG7200),0002279081,Wasmachinehuis
7200,VG NL (VG7200),0002279085,H. Worst h/o Expert Witgoed
7200,VG NL (VG7200),0002279087,De Waswacht B.V.
7200,VG NL (VG7200),0002279094,Witgoed Specialist Terneuzen
7200,VG NL (VG7200),0002279109,Huysinc B.V.
7200,VG NL (VG7200),0002279116,Van Warmerdam Speciaal Meubilair BV
7200,VG NL (VG7200),0002279131,Weba Design Bilthoven B.V.
7200,VG NL (VG7200),0002279155,Witgoedspecialist Waterland
7200,VG NL (VG7200),0002279185,Gebroeders de Wilde B.V.
7200,VG NL (VG7200),0002279188,Wiko Wehl B.V.
7200,VG NL (VG7200),0002279190,Witgoed Specialist Wijntje B.V.
7200,VG NL (VG7200),0002279196,Wildhagen Design Keukens
7200,VG NL (VG7200),0002279198,Edward Wilting Keukens B.V.
7200,VG NL (VG7200),0002279203,EP:Witgoedhuis
7200,VG NL (VG7200),0002279220,Wijnand Keukens BV
7200,VG NL (VG7200),0002279230,Oudman Keukens
7200,VG NL (VG7200),0002279235,EP:Windhorst Techniek
7200,VG NL (VG7200),0002279248,Luit Windt Keukenstudio
7200,VG NL (VG7200),0002279254,Vennootschap Winkelmolen
7200,VG NL (VG7200),0002279336,Van Westen Keukens B.V.
7200,VG NL (VG7200),0002279345,De Witgoedpartner
7200,VG NL (VG7200),0002279361,Electro World Wiendels
7200,VG NL (VG7200),0002279365,Van de Weijer Keukentechniek B.V.
7200,VG NL (VG7200),0002279367,Witgoed Specialist van de Weijer BV
7200,VG NL (VG7200),0002279384,EP:Weijs Elektro
7200,VG NL (VG7200),0002279402,Bert van Vlijmen Keukenarchitectuur
7200,VG NL (VG7200),0002279407,Electro World Vogel D.A. & Zn. BV
7200,VG NL (VG7200),0002279418,Expert Van Geel Roosendaal V.O.F.
7200,VG NL (VG7200),0002279419,Vonk en Co BV
7200,VG NL (VG7200),0002279423,Van Vliet Keukens B.V.
7200,VG NL (VG7200),0002279434,"Keuken, badkamer, vloeren-centr BV"
7200,VG NL (VG7200),0002279447,EP:Voordeelland
7200,VG NL (VG7200),0002279470,"Voortman Pesse Badkamers,"
7200,VG NL (VG7200),0002279480,ElekroVakman Volta Elektra BV
7200,VG NL (VG7200),0002279482,Dennis Vollenga Technische Dienst
7200,VG NL (VG7200),0002279494,Vonder Interieur B.V.
7200,VG NL (VG7200),0002279497,Electro World R. Visser
7200,VG NL (VG7200),0002279506,De Keukenkamer
7200,VG NL (VG7200),0002279513,Electro World Visser
7200,VG NL (VG7200),0002279517,Visker Interieurbouw B.V.
7200,VG NL (VG7200),0002279522,Keuken Ontwerpers Oosterhout B.V.
7200,VG NL (VG7200),0002279533,Vink Vormgeving In Keukens BV
7200,VG NL (VG7200),0002279546,Vink Witgoed
7200,VG NL (VG7200),0002279547,Vink Witgoed B.V.
7200,VG NL (VG7200),0002279571,Vleeshouwers Electro
7200,VG NL (VG7200),0002279572,Electro World Wout van Vlerken
7200,VG NL (VG7200),0002279680,Wakkermans Elektro BV
7200,VG NL (VG7200),0002279719,Electro World Radio Vos
7200,VG NL (VG7200),0002279755,Bulthaup Presentatie Groningen
7200,VG NL (VG7200),0002279758,Vos Instrumenten BV
7200,VG NL (VG7200),0002279760,De Vries Elektro B.V.
7200,VG NL (VG7200),0002279761,V.M. Keukens
7200,VG NL (VG7200),0002279762,Total Home Concept
7200,VG NL (VG7200),0002279772,Electro de Vries B.V.
7200,VG NL (VG7200),0002279777,Firma J. Vroegop en Zonen
7200,VG NL (VG7200),0002279806,Expert Meijer Bolsward
7200,VG NL (VG7200),0002279833,De Elementen Interieur Platform
7200,VG NL (VG7200),0002279853,EP:Zwirs
7200,VG NL (VG7200),0002280283,Expert Woldhuis
7200,VG NL (VG7200),0002280288,Expert Dronten Zwiers B.V.
7200,VG NL (VG7200),0002280304,Fa. P. Wouters en Zn.
7200,VG NL (VG7200),0002280306,EP:Faarts
7200,VG NL (VG7200),0002280308,Concordia Keuken en Bad Heerenveen
7200,VG NL (VG7200),0002280311,Rob Woud Keukeninbouwapparatuur BV
7200,VG NL (VG7200),0002280387,B.M. Wisker B.V.
7200,VG NL (VG7200),0002280410,Wolthaus Witgoed B.V.
7200,VG NL (VG7200),0002280429,Piet de Wit Keukens
7200,VG NL (VG7200),0002280442,Thijs Keukens
7200,VG NL (VG7200),0002280485,Van der Zandt Keuken-Interieurs B.V
7200,VG NL (VG7200),0002280528,Expert Zeewolde B.V.
7200,VG NL (VG7200),0002280535,De Zeug Timmer- en
7200,VG NL (VG7200),0002280536,Z.E.S. Electronic Repair-Logistics
7200,VG NL (VG7200),0002280546,Expert Zelhem B.V.
7200,VG NL (VG7200),0002280551,Van der Wijngaard Electronics
7200,VG NL (VG7200),0002280581,WST Keukens B.V.
7200,VG NL (VG7200),0002280626,De Zaak
7200,VG NL (VG7200),0002280641,Radio Ypey
7200,VG NL (VG7200),0002639865,Expert Pijnacker B.V.
7200,VG NL (VG7200),0002639954,Groeneveld Keukens Twente
7200,VG NL (VG7200),0002672862,Expert Meijer Magazijn
7200,VG NL (VG7200),0002701659,Velthuizen keukens
7200,VG NL (VG7200),0002705309,Rozendal Electro B.V.
7200,VG NL (VG7200),0002747791,Electro World Leerdam
7200,VG NL (VG7200),0002756076,Coolblue B.V.
7200,VG NL (VG7200),0002759649,Expert Soest B.V.
7200,VG NL (VG7200),0002761562,Poggenpohl Studio Poortvliet B.V.
7200,VG NL (VG7200),0002769112,EP:OJE Electronics
7200,VG NL (VG7200),0002779770,Bol.com b.v.
7200,VG NL (VG7200),0002784451,Lunenburg Rosmalen B.V.
7200,VG NL (VG7200),0002796751,EP:Rickelman
7200,VG NL (VG7200),0002816575,Keukens en Meer
7200,VG NL (VG7200),0002819298,Art Design Keukens
7200,VG NL (VG7200),0002832276,IntoInteriors B.V.
7200,VG NL (VG7200),0002832818,Toss Design V.O.F.
7200,VG NL (VG7200),0002833978,Eigenhuis Keukengroep B.V.
7200,VG NL (VG7200),0002835326,Expert Emmeloord
7200,VG NL (VG7200),0002839762,Electro Centrum Lemelerveld (Prof.)
7200,VG NL (VG7200),0002839763,De Waswacht (Prof.)
7200,VG NL (VG7200),0002843340,Electro World Waalwijk
7200,VG NL (VG7200),0002843611,Expert 's-Heerenberg B.V.
7200,VG NL (VG7200),0002855987,Electro World Oegstgeest B.V.
7200,VG NL (VG7200),0002871064,Bouwcenter Nieuwegein
7200,VG NL (VG7200),0002875798,Heuvelrug Keukens
7200,VG NL (VG7200),0002889151,Quadro Interieurs B.V.
7200,VG NL (VG7200),0002893035,V.O.F. Elektro Lamper
7200,VG NL (VG7200),0002893873,Tinello Hilversum B.V.
7200,VG NL (VG7200),0002896500,Selligh
7200,VG NL (VG7200),0002897707,Marquardt Küchen Utrecht
7200,VG NL (VG7200),0002906595,Schomaker TV
7200,VG NL (VG7200),0002906773,Electro World Wichink Heeten B.V.
7200,VG NL (VG7200),0002911536,Piet-Jan van den Kommer
7200,VG NL (VG7200),0002919637,Wood Creations B.V.
7200,VG NL (VG7200),0002921256,Bouwcenter Logus Vlissingen BV
7200,VG NL (VG7200),0002921655,Keukenstudio Stoof V.O.F.
7200,VG NL (VG7200),0002925399,EP:Stadshagen
7200,VG NL (VG7200),0002927216,Otten Keukens en Sanitair
7200,VG NL (VG7200),0002932732,NDR Keukens  B.V.
7200,VG NL (VG7200),0002934169,Intermat Alphen a/d Rijn B.V.
7200,VG NL (VG7200),0002951236,CoKoen Interieurmaatwerk B.V.
7200,VG NL (VG7200),0002958692,Houtwerk Meubel-en Keukenmakerij Hattem
7200,VG NL (VG7200),0002969574,Willem's Witgoedservice & Techniek
7200,VG NL (VG7200),0002992600,IJkelenstam Keukens
7200,VG NL (VG7200),0002997659,Kembra B.V.
7200,VG NL (VG7200),0003004128,WAS Dé Witgoed Specialist
7200,VG NL (VG7200),0003011481,Rozendal Electro B.V. (Prof.)
7200,VG NL (VG7200),0003011482,Expert Tromp (Prof.)
7200,VG NL (VG7200),0003015493,René Gellings
7200,VG NL (VG7200),0003021114,Haran Houtbewerkers V.O.F.
7200,VG NL (VG7200),0003021588,Visiebouw B.V. h/o Gustin Electro
7200,VG NL (VG7200),0003024790,Xab B.V.
7200,VG NL (VG7200),0003025069,Van Bommel Interieur
7200,VG NL (VG7200),0003025767,Eiland de Wild Keukens
7200,VG NL (VG7200),0003026819,Peter Smeets Keukendesign B.V.
7200,VG NL (VG7200),0003032347,De Witgoedpartner
7200,VG NL (VG7200),0003042899,Frank van Boxtel Interieurbouw B.V.
7200,VG NL (VG7200),0003049968,Hindriks Keukens V.O.F.
7200,VG NL (VG7200),0003056013,Bol.com B.V.
7200,VG NL (VG7200),0003067196,Beerepoot Volendam B.V.
7200,VG NL (VG7200),0003069357,Hermens Meubelbedrijf-Interieurbouw BV
7200,VG NL (VG7200),0003081209,Electro World Frans Smits
7200,VG NL (VG7200),0003099040,Electra J. Mahu B.V.
7200,VG NL (VG7200),0003104883,Expert Hengelo B.V.
7200,VG NL (VG7200),0003118925,Expert Venray
7200,VG NL (VG7200),0003135412,Maasduin Witgoedservice
7200,VG NL (VG7200),0003147504,Electro van Ommeren V.O.F.
7200,VG NL (VG7200),0003151492,Electro World Veen
7200,VG NL (VG7200),0003162257,Kitchen Concepts BV
7200,VG NL (VG7200),0003166562,Strijbosch:Zakelijke Markt t.h.o.d.n.
7200,VG NL (VG7200),0003176974,Electronic Service Kreutz B.V.
7200,VG NL (VG7200),0003183606,Stretto Interieur
7200,VG NL (VG7200),0003306202,Oosterom exclusieve maatwerk keukens
7200,VG NL (VG7200),0003312530,Weren Interieurprojecten
7200,VG NL (VG7200),0003324458,Expert Cronjé
7200,VG NL (VG7200),0003333958,Keukenontwerpers Zuid B.V.
7200,VG NL (VG7200),0003342032,Electro World Gorkum
7200,VG NL (VG7200),0003345308,Jacob Interior
7200,VG NL (VG7200),0003362286,Ecker Interieur BV
7200,VG NL (VG7200),0003373607,All White Center
7200,VG NL (VG7200),0003373640,All White Center
7200,VG NL (VG7200),0003380005,Indoor Homeline
7200,VG NL (VG7200),0003394608,Electro World Balsters
7200,VG NL (VG7200),0003410293,HG Woonidee B.V.
7200,VG NL (VG7200),0003419973,Expert Heerenveen B.V.
7200,VG NL (VG7200),0003634849,Spaans & Van Egmond B.V.
7200,VG NL (VG7200),0003813742,Wijntje B.V.
7200,VG NL (VG7200),0003813768,Vogel Barendrecht B.V.
7200,VG NL (VG7200),0003822896,DutchPC Electronics Trading (Brummen)
7200,VG NL (VG7200),0003845198,Expert Ben van Dijk
7200,VG NL (VG7200),0003850439,Boffi studio Rotterdam B.V.
7200,VG NL (VG7200),0003853465,Electro World Rookes Rietman
7200,VG NL (VG7200),0003857841,Kranenburg Zevenaar VOF
7200,VG NL (VG7200),0003866429,Hulshof Witgoed B.V.
7200,VG NL (VG7200),0003881823,Arclinea Conceptstore
7200,VG NL (VG7200),0003882808,De Koning Keukens
7200,VG NL (VG7200),0003892358,Expert Zuidlaren B.V.
7200,VG NL (VG7200),0003924392,Bourgonje Keukens
7200,VG NL (VG7200),0003926844,A&T Keukenarchitectuur B.V.
7200,VG NL (VG7200),0003929104,Sijmen Interieur
7200,VG NL (VG7200),0003968434,Schröder Interieurs B.V.
7200,VG NL (VG7200),0003973716,Heite Interieurbouw B.V.
7200,VG NL (VG7200),0003973752,VIP Interieur B.V.
7200,VG NL (VG7200),0003973811,Dubbel M B.V.
7200,VG NL (VG7200),0003973843,Van Ierland Interieurbouw
7200,VG NL (VG7200),0003973948,Meubelatelier Jacco Bakker B.V.
7200,VG NL (VG7200),0003974425,Hartemink Interieurbouw
7200,VG NL (VG7200),0003978143,Peter van Hulsen Interieurs
7200,VG NL (VG7200),0003978589,Kooken B.V.
7200,VG NL (VG7200),0003978624,BB Interieur & Verlichting
7200,VG NL (VG7200),0005492269,EP:Mensonides Sneek
7200,VG NL (VG7200),0005492422,Electro World van Rossem Putten BV
7200,VG NL (VG7200),0005530568,Expert Wolvega BV
7200,VG NL (VG7200),0005547440,A.H.C. van Ommeren Retail Lienden BV
7200,VG NL (VG7200),0005695946,Forest Keukens
7200,VG NL (VG7200),0005724850,Electro World Nieuwe Niedorp
7200,VG NL (VG7200),0005725057,A.H.C. van Ommeren Retail Tiel BV
7200,VG NL (VG7200),0005739881,Van Venrooij Interieurbouw B.V.
7200,VG NL (VG7200),0005776497,H. van Hunen
7200,VG NL (VG7200),0005855326,Electro World Van Gils
7200,VG NL (VG7200),0005856126,Interieur- en meubelbedrijf Heerdink B.V
7200,VG NL (VG7200),0005856587,Wiardus
7200,VG NL (VG7200),0005864952,M. Ruijs Interieurbouw
7200,VG NL (VG7200),0005864989,van Mourik Keuken & Interieur
7200,VG NL (VG7200),0005892532,Electro World Hoppenbrouwers B.V.
7200,VG NL (VG7200),0005894670,Heidendal en Vandrey V.O.F.
7200,VG NL (VG7200),0005904455,Boreas Interieurbouw B.V.
7200,VG NL (VG7200),0005911298,Marquardt Küchen Breda
7200,VG NL (VG7200),0005911306,Marquardt Küchen Alexandrium
7200,VG NL (VG7200),0005915008,Conquest B.V.
7200,VG NL (VG7200),0005926256,B Dutch B.V.
7200,VG NL (VG7200),0005953244,Theuws Hoskam Maatwerk Interieurs B.V.
7200,VG NL (VG7200),0005989819,Expert Apeldoorn
7200,VG NL (VG7200),0005994688,Expert Beilen
7200,VG NL (VG7200),0006058059,Gebra Noordwijkerhout B.V.
7200,VG NL (VG7200),0006067585,Electro World Wout van Vlerken
7200,VG NL (VG7200),0006076783,Electro World Thijssen B.V.
7200,VG NL (VG7200),0006077138,Henry Schein Medical B.V.
7200,VG NL (VG7200),0006106161,Expert Raalte B.V.
7200,VG NL (VG7200),0006106320,Electro World De Smid
7200,VG NL (VG7200),0006107222,Witgoedspecialist HILDAM
7200,VG NL (VG7200),0006107285,Witgoedspecialist HILDAM
7200,VG NL (VG7200),0006137866,Installatiebedrijf Ter Laak B.V.
7200,VG NL (VG7200),0006145494,Expert Stadskanaal
7200,VG NL (VG7200),0006158800,EP:Tummers Herten
7200,VG NL (VG7200),0006186564,De Showroom B.V.
7200,VG NL (VG7200),0006199956,Hanegraaf Keukens B.V.
7200,VG NL (VG7200),0006200025,Studio 153
7200,VG NL (VG7200),0006212074,CE Gulpen B.V.
7200,VG NL (VG7200),0006212310,Jansen Gieten B.V.
7200,VG NL (VG7200),0006229986,Boxxer Geleen
7200,VG NL (VG7200),0006728443,Beerepoot Hoorn B.V.
7200,VG NL (VG7200),0006730742,Verschoor Witgoed
7200,VG NL (VG7200),0006731810,Expert Telkamp B.V.
7200,VG NL (VG7200),0006733784,HV Keukens B.V.
7200,VG NL (VG7200),0006735935,Ardi Keukens en Sanitair B.V.
7200,VG NL (VG7200),0006735942,Arma Keukens en Sanitair B.V.
7200,VG NL (VG7200),0006736804,Pelma Keukens B.V.
7200,VG NL (VG7200),0006736811,Adee Keukens B.V.
7200,VG NL (VG7200),0006736812,Avanti Keukens B.V.
7200,VG NL (VG7200),0006736858,Keur Keukens B.V.
7200,VG NL (VG7200),0006770062,Voortman Keukens Apeldoorn
7200,VG NL (VG7200),0006770230,Keukenvision Naaldwijk
7200,VG NL (VG7200),0006770231,Voortman Keukens Rijssen
7200,VG NL (VG7200),0006857068,Expert Gouda
7200,VG NL (VG7200),0006894828,Keuken Design Nijmegen B.V.
7200,VG NL (VG7200),0006913880,Moodkeukens B.V.
7200,VG NL (VG7200),0006940137,Het Interieurhuys B.V.
7200,VG NL (VG7200),0006944220,"Van Zanten, Beeld Geluid Witgoed"
7200,VG NL (VG7200),0006947311,Iemms B.V.
7200,VG NL (VG7200),0006967327,Hagen Keukens & Interieur
7200,VG NL (VG7200),0006967670,Sensa Keukens BV
7200,VG NL (VG7200),0006973316,Interieurbouw Lamers
7200,VG NL (VG7200),0006978414,Arclinea Breda
7200,VG NL (VG7200),0007002096,Molitli Interieurmakers
7200,VG NL (VG7200),0007031641,Expert Breda
7200,VG NL (VG7200),0007038888,Keukenarchitectuur Veluwe
7200,VG NL (VG7200),0007044605,Marquardt Kuchen Oisterwijk
7200,VG NL (VG7200),0007044686,Mio Home B.V.
7200,VG NL (VG7200),0007051229,Willuks Interieurprojecten B.V.
7200,VG NL (VG7200),0007101288,Boudewijn Hosmus B.V.
7200,VG NL (VG7200),0007153816,Scheffer Dé Witgoed Specialist
7200,VG NL (VG7200),0007188227,Electrostore Oud-Beijerland B.V.
7200,VG NL (VG7200),0007236794,Weterings De Bilt B.V.
7200,VG NL (VG7200),0007277238,Clear Kitchen Amstelveen B.V.
7200,VG NL (VG7200),0007290757,Coolblue B.V.
7200,VG NL (VG7200),0007301440,Snaidero Flagship Store Amsterdam B.V.
7200,VG NL (VG7200),0007322141,Willems Interieurs B.V.
7200,VG NL (VG7200),0007322142,Leurs Interieurbouw
7200,VG NL (VG7200),0007346551,Expert Oldenzaal B.V.
7200,VG NL (VG7200),0007368661,Daggenvoorde Keuken-Interieur B.V
7200,VG NL (VG7200),0007380468,Keukenstudio Heiloo
7200,VG NL (VG7200),0007381855,Keukenstudio Rijnmond B.V.
7200,VG NL (VG7200),0007391472,Brus Interieurs
7200,VG NL (VG7200),0007402991,EP:Mensonides Bolsward
7200,VG NL (VG7200),0007405496,Expert Dokkum
7200,VG NL (VG7200),0007490272,BROUWER Maatkeukens
7200,VG NL (VG7200),0007553107,Marquardt Küchen Zoeterwoude
7200,VG NL (VG7200),0007559285,Altena WitGoed B.V.
7200,VG NL (VG7200),0007580073,P&B Interieur
7200,VG NL (VG7200),0007580145,Lange Interieurbouw
7200,VG NL (VG7200),0007581860,Witte Hal Reuver B.V.
7200,VG NL (VG7200),0007587807,Artic Keukens B.V.
7200,VG NL (VG7200),0007588264,Koken + Baden Breukelen
7200,VG NL (VG7200),0007588599,Project Supply B.V.
7200,VG NL (VG7200),0007596464,Expert Horst B.V.
7200,VG NL (VG7200),0007599157,Witgoed Specialist TechnoVision V.O.F.
7200,VG NL (VG7200),0007600699,Hollands Maatwerk
7200,VG NL (VG7200),0007601699,CPS Interieurs
7200,VG NL (VG7200),0007605721,Kin Techniek B.V. / Wolf Witgoed
7200,VG NL (VG7200),0007617132,Rouwhorst & Taken Maatwerk Meubelen
7200,VG NL (VG7200),0007641530,EP:Pool B.V.
7200,VG NL (VG7200),0007647382,Diessen Dé Witgoed Specialist
7200,VG NL (VG7200),0007652665,Expert Joure
7200,VG NL (VG7200),0007661029,Beerepoot Broek op Langedijk B.V.
7200,VG NL (VG7200),0007671664,Bollier Interieurbouw
7200,VG NL (VG7200),0007697312,Electro World Hameeteman
7200,VG NL (VG7200),0007789658,Expert Ommen B.V.
7200,VG NL (VG7200),0007791626,EP:Zwolle Zuid
7200,VG NL (VG7200),0007804538,V.O.F. Expert Nunspeet
7200,VG NL (VG7200),0007808296,Nijland Interieur & Meubelmakerij B.V.
7200,VG NL (VG7200),0007811734,Tolhoek Keukens V.O.F.
7200,VG NL (VG7200),0007843875,"""Jalu'zzi"" Meubelmakers"
7200,VG NL (VG7200),0007857509,studio.vg
7200,VG NL (VG7200),0007859054,Koudijs B.V.
7200,VG NL (VG7200),0007882135,WOW! Keukens B.V.
7200,VG NL (VG7200),0007916285,Lindhout Badkamers B.V.
7200,VG NL (VG7200),0007917363,Beukenholdt Interieur op maat
7200,VG NL (VG7200),0007957233,Media Markt Wholesale B.V.
7200,VG NL (VG7200),0007958217,Studio VOI
7200,VG NL (VG7200),0007958307,Asto Amsterdam B.V.
7200,VG NL (VG7200),0007983354,Groot Keuken & Bad B.V.
7200,VG NL (VG7200),0007983558,Trendzet Interieur B.V.
7200,VG NL (VG7200),0007984606,KeukenHuiz V.o.f.
7200,VG NL (VG7200),0007992079,Eigenhuis B.V.
7200,VG NL (VG7200),0008009924,EP:Witgoedhuis
7200,VG NL (VG7200),0008010981,Expert Veendam B.V.
7200,VG NL (VG7200),0008140184,Expert Magazijn Ysselsteyn
7200,VG NL (VG7200),0008174556,Ruud Boutkan Witgoed Service Specialist
7200,VG NL (VG7200),0008179578,Woon-inspiratie B.V.
7200,VG NL (VG7200),0008184600,YR design
7200,VG NL (VG7200),0008243404,Anovi Keukens
7200,VG NL (VG7200),0008386614,Expert Elst B.V.
7200,VG NL (VG7200),0008386622,Expert Texel B.V.
7200,VG NL (VG7200),0008459503,Reber Expeditie
7200,VG NL (VG7200),0008469078,Stijlmakers Interieurbouw Hardenberg
7200,VG NL (VG7200),0008469351,Keukenarchitectuur Van Lieshout B.V.
7200,VG NL (VG7200),0008502435,boschinterieur
7200,VG NL (VG7200),0008540651,Electro World Combi Den Helder
7200,VG NL (VG7200),0008692757,Geldermalsen Dé Witgoed Specialist B.V.
7200,VG NL (VG7200),0008723081,Clear Kitchen Gooi en Vecht B.V.
7200,VG NL (VG7200),0008750344,Expert L.E.C. B.V.
7200,VG NL (VG7200),0008763265,Schaap Witgoed
7200,VG NL (VG7200),0008772324,Miele X B.V.
7200,VG NL (VG7200),0008823235,Keukencentrum Berkers Den Bosch B.V.
7200,VG NL (VG7200),0008920260,Timmerbedrijf de Jong
7200,VG NL (VG7200),0008921356,Casani
7200,VG NL (VG7200),0008941188,Expert Hooymans Velddriel
7200,VG NL (VG7200),0008964986,R. van de Scheur Interieurbouw B.V.
7200,VG NL (VG7200),0009013006,Keukenspectrum Beheer B.V.
7200,VG NL (VG7200),0009031788,Keukenstudio Gouda
7200,VG NL (VG7200),0009074315,MAEK
7200,VG NL (VG7200),0009125386,Electro Hulst B.V.
7200,VG NL (VG7200),0009178140,Mark van Gardingen Interieurbouw
7200,VG NL (VG7200),0009178288,AnCor Design
7200,VG NL (VG7200),0010433074,Puur Keukens
7200,VG NL (VG7200),0010511853,Keukenstudio Dordrecht
7200,VG NL (VG7200),0010511932,Stuut Keuken Design
7200,VG NL (VG7200),0010527050,Reserveringen 2023
7200,VG NL (VG7200),0010538544,MDR Witgoed
7200,VG NL (VG7200),0010613096,Jan Groot Elektro
7200,VG NL (VG7200),0010836144,Like2Cook BV
7200,VG NL (VG7200),0010918680,RF Interieurontwerp
7200,VG NL (VG7200),0010971764,van den Brink Elektronics
7200,VG NL (VG7200),0010981103,Electro World Passe
7200,VG NL (VG7200),0011041546,EP:Tummers Geleen
7200,VG NL (VG7200),0011044402,Witgoed Reparatie Bedrijf
7200,VG NL (VG7200),0011073638,Ree-Zo Electro T.D.
7200,VG NL (VG7200),0011141839,RoseboomDienstverlening
7200,VG NL (VG7200),0011143544,Electroworld Harderwijk B.V.
7200,VG NL (VG7200),0011154849,Ronja B.V. h/o Expert Harderwijk
7200,VG NL (VG7200),0011183235,Broek Witgoedservice
7200,VG NL (VG7200),0011185301,de Vos Electronics
7200,VG NL (VG7200),0011202121,Rombouts Elektro
7200,VG NL (VG7200),0011217771,D&E Keukens B.V.
7200,VG NL (VG7200),0011224646,VEOX Keukens
7200,VG NL (VG7200),0011236991,Electroworld Oude Lashof
7200,VG NL (VG7200),0011301442,Firma W.J. Apeldoorn
7200,VG NL (VG7200),0011301970,André Flinkert Service
7200,VG NL (VG7200),0011304946,Marquardt Amersfoort BV
7200,VG NL (VG7200),0011305164,Expert Enschede B.V.
7200,VG NL (VG7200),0011375487,Service Centrum Doetinchem V.O.F.
7200,VG NL (VG7200),0011396306,De Onderdelenreus
7200,VG NL (VG7200),0011410299,Fisher Emergo BV
7200,VG NL (VG7200),0011410629,Afternet.nl
7200,VG NL (VG7200),0011410715,Schepers Electro Service
7200,VG NL (VG7200),0011412973,Puntgeel Witgoed
7200,VG NL (VG7200),0011491151,Boxum BV
7200,VG NL (VG7200),0011562075,Marquardt Kuchen Sint-Maartensdijk
7200,VG NL (VG7200),0011662974,Miele Portuguesa Lda
7200,VG NL (VG7200),0012045911,Expert Hardenberg
7200,VG NL (VG7200),0012120258,Extra Mile Logistics BV
7200,VG NL (VG7200),0012176648,Marquardt Keukens Kaatsheuvel BV
7200,VG NL (VG7200),0012222526,BCC Keuken B.V.
7200,VG NL (VG7200),0012224205,Radio Bakker Alkmaar
7200,VG NL (VG7200),0012244646,De Hagenpoort Dé Witgoed Specialist
7200,VG NL (VG7200),0012329121,Electro World Klein Brinke
7200,VG NL (VG7200),0012506596,Expert Emmen B.V.
7200,VG NL (VG7200),0012593940,Marquardt Duiven B.V.
7200,VG NL (VG7200),0012594838,Weterings Den Dolder B.V.
7200,VG NL (VG7200),0012658192,Radio Vogelzang
7200,VG NL (VG7200),0012693113,Expert Kranenburg Zevenaar
7200,VG NL (VG7200),0012783344,Smeulders Interieurwerken B.V.
7200,VG NL (VG7200),0012783692,Van de Weijer Professional B.V.
7200,VG NL (VG7200),0012933547,Snijders Electronics Tubbergen
7200,VG NL (VG7200),0013027271,Eigenhuis Keukens Groningen
7200,VG NL (VG7200),0013038528,Brugman Keukens BV
7200,VG NL (VG7200),0013055403,Mandemakers Keukens
7200,VG NL (VG7200),0013055445,Keuken Kampioen
7200,VG NL (VG7200),0013055449,Keukenconcurrent
7200,VG NL (VG7200),0013055450,Keukenmaxx
7200,VG NL (VG7200),0013055451,Piet Klerkx Keukenwereld B.V.
7200,VG NL (VG7200),0013055453,Wooning Keukens B.V.
7200,VG NL (VG7200),0013055487,De Keukenman
7200,VG NL (VG7200),0013055489,Nieuwenhuis Keukens B.V.
7200,VG NL (VG7200),0013055492,Keukenman voorraadleveringen
7200,VG NL (VG7200),0013055505,CVT Keukengroep
7200,VG NL (VG7200),0013055511,Tulp Keukens
7200,VG NL (VG7200),0013055512,DMG Projecten
7200,VG NL (VG7200),0013055513,TK Interiors BV
7200,VG NL (VG7200),0013055534,Piet Boon Kitchen BV
7200,VG NL (VG7200),0013055535,Hello Kitchen
7200,VG NL (VG7200),0013055536,Keukendump
7200,VG NL (VG7200),0013069583,Keukenontwerpers NV
7200,VG NL (VG7200),0013110705,Brugman Curacao Keukens
7200,VG NL (VG7200),0013134327,Wijnja Groep B.V.
7200,VG NL (VG7200),0013141793,Oudshoorn Witgoed
7200,VG NL (VG7200),0013255498,Versteeg Keukens V.O.F.
7200,VG NL (VG7200),0013294719,Expert Zwolle Stadshagen
7200,VG NL (VG7200),0013294920,Expert Zwolle Zuid
7200,VG NL (VG7200),0013322405,EP:Made
7200,VG NL (VG7200),0013443051,Wakkermans Beeld & Geluid
7200,VG NL (VG7200),0013450496,Expert Zwolle Logistiek
7200,VG NL (VG7200),0013527476,EP:Middelharnis
7200,VG NL (VG7200),0013601456,Van den Hurk meubelen en interieur
7200,VG NL (VG7200),0013613140,Expert Tiel B.V.
7200,VG NL (VG7200),0013776709,Electro World Van Ommeren
7200,VG NL (VG7200),0040317017,Waag Design
7200,VG NL (VG7200),0040372180,New Solid
7200,VG NL (VG7200),0040374043,Van Wijhe Interieurs
7200,VG NL (VG7200),0040376854,Richards & Resmann
7200,VG NL (VG7200),0040378748,Edam Interieurs BV
7200,VG NL (VG7200),0040381211,Altivello
7200,VG NL (VG7200),0040381832,Mark Ros Keukens en Interieur
7200,VG NL (VG7200),0040383813,Studio Hout B.V.
7200,VG NL (VG7200),0040387179,Avenue 44 B.V.
7200,VG NL (VG7200),0040388052,'t Klooster Interieurmakers B.V.
7200,VG NL (VG7200),0040388057,Van Arkel Bouw BV
7200,VG NL (VG7200),0040391871,The Furnery B.V.
7200,VG NL (VG7200),0040391970,Felix de Visser Keukens
7200,VG NL (VG7200),0040394065,Keuken Studio FO B.V.
7200,VG NL (VG7200),0040394581,Tomzon keuken en interieurarchitectuur
7200,VG NL (VG7200),0040395078,Kolk Keukens en Interieur B.V.
7200,VG NL (VG7200),0040395585,Gewoon Jan
7200,VG NL (VG7200),0040396470,Thomas Bos Interieurbouw
7200,VG NL (VG7200),0040396702,Via Creaties Arnhem B.V.
7200,VG NL (VG7200),0040397176,Wesemann Benelux
7200,VG NL (VG7200),0040401228,Stoverink Interieurbouw
7200,VG NL (VG7200),0040401266,De Woonkeuken van IJsselstein B.V.
7200,VG NL (VG7200),0040408045,H. Hop Interieurs
7200,VG NL (VG7200),0040408585,Arslan Wonen B.V.
7200,VG NL (VG7200),0040408857,Dito Wonen B.V.
7200,VG NL (VG7200),0040409259,Leo van der Velden Keukenimport B.V.
7200,VG NL (VG7200),0040413503,Smaak Keukens B.V.
7200,VG NL (VG7200),0040414107,Clear Kitchen Rotterdam BV
7200,VG NL (VG7200),0040419260,Mint Interieur B.V.
7200,VG NL (VG7200),0040419736,Keukenhuysch
7200,VG NL (VG7200),0040420437,Kasstoor B.V.
7200,VG NL (VG7200),0040420621,BRASS
7200,VG NL (VG7200),0040424704,Palthe Interieurs B.V.
7200,VG NL (VG7200),0040426275,RUBEX Interiors B.V.
7200,VG NL (VG7200),0040427897,V.O.F. Keukencentrum Verlinde
7200,VG NL (VG7200),0040429252,Tom van Gijzel interieurs
7200,VG NL (VG7200),0040434606,Interborg Keukens
7200,VG NL (VG7200),0040438905,De Hazelaar
7200,VG NL (VG7200),0040440461,KOOKX B.V.
7200,VG NL (VG7200),0040441416,Paul Knip Keukens
7200,VG NL (VG7200),0040447860,'t Huys Design
7200,VG NL (VG7200),0040449006,Robert Tediek keukens & Interieur
7200,VG NL (VG7200),0040451177,De Keukenstal
7200,VG NL (VG7200),0040451179,Keukenstudio Wijchen
7200,VG NL (VG7200),0040453564,Ponto Sanitair en Keukens B.V.
7200,VG NL (VG7200),0040456460,Vet Kitchen Design B.V.
7200,VG NL (VG7200),0040467330,Ad Kokx Keukens
7200,VG NL (VG7200),0040489745,Qvatro
7200,VG NL (VG7200),0040509658,Touch of T
7200,VG NL (VG7200),0040511472,Gebr. van der Hulst B.V.
